test_file_n,0,1,2
0,0.7156511350059738,0.14336917562724014,0.14097968936678615
1,0.13998407009159697,0.7252090800477897,0.1348068498606133
2,0.1057347670250896,0.160294703305456,0.7339705296694544
