test_file_n,0,1,2
0,0.6678614097968937,0.15770609318996415,0.17443249701314217
1,0.13142174432497014,0.6600955794504182,0.2084826762246117
2,0.14575866188769415,0.1608920748705695,0.6933492632417364
