test_file_n,0,1,2
0,0.7054958183990442,0.1015531660692951,0.1929510155316607
1,0.171047391477499,0.6499402628434886,0.17901234567901234
2,0.18080446037435285,0.1282357626443648,0.6909597769812823
