test_file_n,0,1,2
0,0.682994822779769,0.15332536837913183,0.16367980884109917
1,0.09976105137395459,0.7064914376742334,0.19374751095181203
2,0.10195141377937077,0.172242134607726,0.7258064516129032
