test_file_n,0,1,2
0,0.39107925129430504,0.3138191955396257,0.2951015531660693
1,0.1057347670250896,0.6766228594185584,0.21764237355635205
2,0.07825567502986858,0.3379131819992035,0.5838311429709279
