test_file_n,0,1,2
0,0.7027080844285145,0.14456391875746716,0.15272799681401833
1,0.10553564317005178,0.7556750298685783,0.13878932696136997
2,0.13082437275985664,0.14794902429311033,0.721226602947033
