pre,pre_std,emb,emb_std,rec,rec_std,origional,origional_std,stage
0.5821749543380087,0.1021983801294783,0.6335287586247971,0.08390355989647162,0.5881162155821411,0.07817326452581795,0.6814319284195819,0.09436477394801897,pre
0.6311679064526878,0.08335863764746478,0.8259517829077565,0.0478405697950158,0.6572628319361683,0.06921486432951914,0.8906523425556838,0.035914073798930066,emb
0.5849537459246369,0.07783977276051801,0.6586773650621391,0.06964274223800955,0.6193003797993621,0.09135400975834121,0.7093312629229891,0.07573485537006401,rec
0.6821925877101234,0.09641678975090084,0.8916316953065058,0.03582034810922765,0.7130045566777314,0.0766718519739535,1.0,0.0,origional
