,k100_loss,k100_divergence_loss,k100_reconstruction_loss,k250_loss,k250_divergence_loss,k250_reconstruction_loss,k500_loss,k500_divergence_loss,k500_reconstruction_loss,k1000_loss,k1000_divergence_loss,k1000_reconstruction_loss,k2500_loss,k2500_divergence_loss,k2500_reconstruction_loss
0,691.1700439453125,3.6451072692871094,687.5249633789062,775.4491577148438,2.6447696685791016,772.8043823242188,880.6607055664062,2.5290775299072266,878.1316528320312,1018.9505615234375,2.6099014282226562,1016.3406372070312,1254.6859130859375,2.8990135192871094,1251.786865234375
1,1155.1773681640625,7.481939315795898,1147.6954345703125,1268.930419921875,4.706724166870117,1264.2237548828125,1418.4539794921875,3.980426788330078,1414.4735107421875,1636.6658935546875,3.927267074584961,1632.7386474609375,2001.44189453125,4.277873992919922,1997.1640625
2,1439.919921875,11.641250610351562,1428.2786865234375,1590.403076171875,6.689821243286133,1583.7132568359375,1789.3671875,5.202550888061523,1784.1646728515625,2062.815673828125,4.783342361450195,2058.0322265625,2532.431884765625,4.964838027954102,2527.467041015625
3,1767.7215576171875,19.36798858642578,1748.353515625,1895.2984619140625,10.191967010498047,1885.1064453125,2089.103515625,7.074762344360352,2082.02880859375,2394.26513671875,6.070281982421875,2388.19482421875,2931.735595703125,5.816976547241211,2925.918701171875
4,2188.830078125,30.037635803222656,2158.79248046875,2059.52880859375,14.38322639465332,2045.1455078125,2131.332275390625,9.217607498168945,2122.11474609375,2423.59228515625,7.285165786743164,2416.30712890625,2923.698486328125,6.245569229125977,2917.452880859375
